strMID,Name,Add,City,State,Zip,strDDA1,strTR1,TotalSalesCt,TotalRefundCt,TotalDebitCt,TotalCount,TotalSalesVol,TotalRefundVol,DebitNetTotAmt,ReservePercent,HoldResBal,dblMonthlyFee,dblDailyDiscTotal,TotalChrgsForMth,Message,SortCode,UnsettSaleCt,UnsettSaleAmt,UnsettRefCt,UnsettRefAmt,Name2,Add2,City2,State2,Zip2,ERDesc,EffRate
"610100000073","YELLOWSTONE WESTERN HERITAGE C","2822 MONTANA AVE","BILLINGS","MT","59101","xxxxxx710","xxxxxx683",33,1,0,34,1460.9500,0.0500,0.0000,0.00000000e+00,0.0000,4.0570000000000000e+01,0.0000000000000000e+00,75.4500," ","61010007001000",0,0.0000,0,0.0000,,,,,," "," "
"610100000457","MONTANA HERB GATHERING","70 S DAVIS","HELENA","MT","59601","xxxxxx930","xxxxxx683",0,0,0,0,0.0000,0.0000,0.0000,0.00000000e+00,0.0000,0.0000000000000000e+00,0.0000000000000000e+00,0.0000," ","61010007001000",0,0.0000,0,0.0000,,,,,," "," "
"610100000536","NIFTY THRIFTY","417 MAIN ST","POLSON","MT","59860","xxxxxx760","xxxxxx476",133,0,0,133,1912.7300,0.0000,0.0000,0.00000000e+00,0.0000,4.5180000000000000e+01,0.0000000000000000e+00,99.1900," ","61010007001000",0,0.0000,0,0.0000,,,,,," "," "
"610100000545","TWICE BUT NICE","229 MAIN ST. SW","RONAN","MT","59864","xxxxxx760","xxxxxx476",254,0,0,254,3733.6200,0.0000,0.0000,0.00000000e+00,0.0000,8.9650000000000006e+01,0.0000000000000000e+00,173.0700," ","61010007001000",0,0.0000,0,0.0000,,,,,," "," "
"610100001303","FAMILY PROMISE OF YELLOWSTONE ","10 S 26TH STREET","BILLINGS","MT","59101","xxxxxx861","xxxxxx683",0,0,0,0,0.0000,0.0000,0.0000,0.00000000e+00,0.0000,0.0000000000000000e+00,0.0000000000000000e+00,11.1500," ","61010007002000",0,0.0000,0,0.0000,,,,,," "," "
"610100001786","BITTERROOT PERFORMING ARTS ","127 WEST MAIN ST STE103","HAMILTON","MT","59840","xxxxxx518","xxxxxx337",31,0,0,31,1921.0000,0.0000,0.0000,0.00000000e+00,0.0000,4.4149999999999999e+01,0.0000000000000000e+00,82.1700," ","61010007001000",0,0.0000,0,0.0000,,,,,," "," "
